ident,type,name,iso_country,iso_region,municipality,latitude,longitude
AYPY,large_airport,Port Moresby Jacksons International Airport,PG,PG-NCD,Port Moresby,-9.443380356,147.2200012
BIKF,large_airport,Keflavik International Airport,IS,IS-2,Reykjav‚àö‚â†k,63.98500061,-22.60560036
BKPR,large_airport,Pri‚âà¬∞tina International Airport,XK,XK-01,Prishtina,42.5728,21.035801
CYEG,large_airport,Edmonton International Airport,CA,CA-AB,Edmonton,53.30970001,-113.5800018
CYHZ,large_airport,Halifax / Stanfield International Airport,CA,CA-NS,Halifax,44.88079834,-63.50859833
CYOW,large_airport,Ottawa Macdonald-Cartier International Airport,CA,CA-ON,Ottawa,45.32249832,-75.66919708
CYUL,large_airport,Montreal / Pierre Elliott Trudeau International Airport,CA,CA-QC,Montr‚àö¬©al,45.47060013,-73.74079895
CYVR,large_airport,Vancouver International Airport,CA,CA-BC,Vancouver,49.19390106,-123.1839981
CYWG,large_airport,Winnipeg / James Armstrong Richardson International Airport,CA,CA-MB,Winnipeg,49.90999985,-97.23989868
CYYC,large_airport,Calgary International Airport,CA,CA-AB,Calgary,51.11389923,-114.0199966
CYYJ,large_airport,Victoria International Airport,CA,CA-BC,Victoria,48.64690018,-123.4260025
CYYT,large_airport,St. John's International Airport,CA,CA-NL,St. John's,47.61859894,-52.75189972
CYYZ,large_airport,Lester B. Pearson International Airport,CA,CA-ON,Toronto,43.67720032,-79.63059998
DAAG,large_airport,Houari Boumediene Airport,DZ,DZ-35,Algiers,36.69100189,3.215409994
DFFD,large_airport,Ouagadougou Airport,BF,BF-KAD,Ouagadougou,12.3532,-1.51242
DGAA,large_airport,Kotoka International Airport,GH,GH-AA,Accra,5.6051898,-0.166786
DNAA,large_airport,Nnamdi Azikiwe International Airport,NG,NG-FC,Abuja,9.006790161,7.263169765
DNAI,large_airport,Akwa Ibom International Airport,NG,NG-AK,Uyo,4.8725,8.093
DNKN,large_airport,Mallam Aminu International Airport,NG,NG-KN,Kano,12.0476,8.52462
DNMM,large_airport,Murtala Muhammed International Airport,NG,NG-LA,Lagos,6.577370167,3.321160078
DRRN,large_airport,Diori Hamani International Airport,NE,NE-8,Niamey,13.4815,2.18361
DTTA,large_airport,Tunis Carthage International Airport,TN,TN-11,Tunis,36.85100174,10.22719955
EBBR,large_airport,Brussels Airport,BE,BE-BRU,Brussels,50.90140152,4.48443985
EBCI,large_airport,Brussels South Charleroi Airport,BE,BE-WHT,Brussels,50.459202,4.45382
EBLG,large_airport,Li‚àö¬Æge Airport,BE,BE-WLG,Li‚àö¬Æge,50.63740158,5.443220139
EDDB,large_airport,Berlin-Sch‚àö‚àÇnefeld Airport,DE,DE-BR,Berlin,52.380001,13.5225
EDDC,large_airport,Dresden Airport,DE,DE-SN,Dresden,51.13280106,13.76720047
EDDF,large_airport,Frankfurt am Main Airport,DE,DE-HE,Frankfurt am Main,50.033333,8.570556
EDDG,large_airport,M‚àö¬∫nster Osnabr‚àö¬∫ck Airport,DE,DE-NW,M‚àö¬∫nster,52.13460159,7.684830189
EDDH,large_airport,Hamburg Airport,DE,DE-HH,Hamburg,53.63040161,9.988229752
EDDK,large_airport,Cologne Bonn Airport,DE,DE-NW,Cologne,50.86589813,7.142739773
EDDL,large_airport,D‚àö¬∫sseldorf Airport,DE,DE-NW,D‚àö¬∫sseldorf,51.289501,6.76678
EDDM,large_airport,Munich Airport,DE,DE-BY,Munich,48.353802,11.7861
EDDN,large_airport,Nuremberg Airport,DE,DE-BY,Nuremberg,49.498699,11.078056
EDDP,large_airport,Leipzig/Halle Airport,DE,DE-SN,Leipzig,51.423889,12.236389
EDDS,large_airport,Stuttgart Airport,DE,DE-BW,Stuttgart,48.68989944,9.221960068
EDDT,large_airport,Berlin-Tegel Airport,DE,DE-BE,Berlin,52.5597,13.2877
EDDV,large_airport,Hannover Airport,DE,DE-NI,Hannover,52.46110153,9.685079575
EDDW,large_airport,Bremen Airport,DE,DE-HB,Bremen,53.04750061,8.786669731
EDLW,large_airport,Dortmund Airport,DE,DE-NW,Dortmund,51.5182991,7.612239838
EDSB,large_airport,Karlsruhe Baden-Baden Airport,DE,DE-BW,Baden-Baden,48.77939987,8.080499649
EETN,large_airport,Lennart Meri Tallinn Airport,EE,EE-37,Tallinn,59.41329956,24.83279991
EFHK,large_airport,Helsinki Vantaa Airport,FI,FI-ES,Helsinki,60.31719971,24.9633007
EGAA,large_airport,Belfast International Airport,GB,GB-NIR,Belfast,54.65750122,-6.215829849
EGAC,large_airport,George Best Belfast City Airport,GB,GB-NIR,Belfast,54.61809921,-5.872499943
EGBB,large_airport,Birmingham International Airport,GB,GB-ENG,Birmingham,52.45389938,-1.748029947
EGCC,large_airport,Manchester Airport,GB,GB-ENG,Manchester,53.35369873,-2.274950027
EGCN,large_airport,Robin Hood Doncaster Sheffield Airport,GB,GB-ENG,Doncaster,53.48053781,-1.010656357
EGFF,large_airport,Cardiff International Airport,GB,GB-WLS,Cardiff,51.39670181,-3.343329906
EGGD,large_airport,Bristol Airport,GB,GB-ENG,Bristol,51.382702,-2.71909
EGGP,large_airport,Liverpool John Lennon Airport,GB,GB-ENG,Liverpool,53.33359909,-2.849720001
EGGW,large_airport,London Luton Airport,GB,GB-ENG,London,51.87469864,-0.368333012
EGHH,large_airport,Bournemouth Airport,GB,GB-ENG,Bournemouth,50.77999878,-1.842499971
EGHI,large_airport,Southampton Airport,GB,GB-ENG,Southampton,50.95029831,-1.35679996
EGKK,large_airport,London Gatwick Airport,GB,GB-ENG,London,51.148102,-0.190278
EGLL,large_airport,London Heathrow Airport,GB,GB-ENG,London,51.4706,-0.461941
EGNM,large_airport,Leeds Bradford Airport,GB,GB-ENG,Leeds,53.86589813,-1.660570025
EGNT,large_airport,Newcastle Airport,GB,GB-ENG,Newcastle,55.03749847,-1.691669941
EGNX,large_airport,East Midlands Airport,GB,GB-ENG,Nottingham,52.83110046,-1.328060031
EGPD,large_airport,Aberdeen Dyce Airport,GB,GB-SCT,Aberdeen,57.20190048,-2.197779894
EGPF,large_airport,Glasgow International Airport,GB,GB-SCT,Glasgow,55.87189865,-4.433060169
EGPH,large_airport,Edinburgh Airport,GB,GB-SCT,Edinburgh,55.95000076,-3.372499943
EGSH,large_airport,Norwich International Airport,GB,GB-ENG,Norwich,52.67580032,1.282780051
EGSS,large_airport,London Stansted Airport,GB,GB-ENG,London,51.88499832,0.234999999
EGTE,large_airport,Exeter International Airport,GB,GB-ENG,Exeter,50.7344017,-3.413889885
EGUL,large_airport,RAF Lakenheath,GB,GB-ENG,Lakenheath,52.40930176,0.56099999
EGUN,large_airport,RAF Mildenhall,GB,GB-ENG,Mildenhall,52.36190033,0.486405998
EGVA,large_airport,RAF Fairford,GB,GB-ENG,Fairford,51.68220139,-1.790030003
EGVN,large_airport,RAF Brize Norton,GB,GB-ENG,Brize Norton,51.75,-1.58362
EHAM,large_airport,Amsterdam Airport Schiphol,NL,NL-NH,Amsterdam,52.308601,4.76389
EHEH,large_airport,Eindhoven Airport,NL,NL-NB,Eindhoven,51.45009995,5.374529839
EICK,large_airport,Cork Airport,IE,IE-C,Cork,51.84130096,-8.491109848
EIDW,large_airport,Dublin Airport,IE,IE-D,Dublin,53.421299,-6.27007
EINN,large_airport,Shannon Airport,IE,IE-CE,Shannon,52.702,-8.92482
EKBI,large_airport,Billund Airport,DK,DK-83,Billund,55.74029922,9.151780128
EKCH,large_airport,Copenhagen Kastrup Airport,DK,DK-84,Copenhagen,55.61790085,12.65600014
EKYT,large_airport,Aalborg Airport,DK,DK-81,Aalborg,57.09275891,9.849243164
ELLX,large_airport,Luxembourg-Findel International Airport,LU,LU-L,Luxembourg,49.6233333,6.2044444
ENBO,large_airport,Bod‚àö‚àè Airport,NO,NO-18,Bod‚àö‚àè,67.26920319,14.36530018
ENBR,large_airport,Bergen Airport Flesland,NO,NO-12,Bergen,60.29339981,5.218140125
ENGM,large_airport,Oslo Gardermoen Airport,NO,NO-02,Oslo,60.19390106,11.10039997
ENTC,large_airport,Troms‚àö‚àè Airport,NO,NO-19,Troms‚àö‚àè,69.6832962,18.91889954
ENVA,large_airport,Trondheim Airport V‚àö¬∂rnes,NO,NO-17,Trondheim,63.4578018,10.9239998
ENZV,large_airport,Stavanger Airport Sola,NO,NO-11,Stavanger,58.87670135,5.63778019
EPGD,large_airport,Gda‚âà√ësk Lech Wa‚âà√á∆í√¥sa Airport,PL,PL-PM,Gda‚âà√ësk,54.37760162,18.46619987
EPKK,large_airport,Krak‚àö‚â•w John Paul II International Airport,PL,PL-MA,Krak‚àö‚â•w,50.077702,19.7848
EPKT,large_airport,Katowice International Airport,PL,PL-SL,Katowice,50.4743,19.08
EPMO,large_airport,Modlin Airport,PL,PL-MZ,Warsaw,52.451099,20.6518
EPPO,large_airport,Pozna‚âà√ë-‚âà√Öawica Airport,PL,PL-WP,Pozna‚âà√ë,52.42100143,16.82629967
EPWA,large_airport,Warsaw Chopin Airport,PL,PL-MZ,Warsaw,52.16569901,20.96710014
EPWR,large_airport,Copernicus Wroc‚âà√áaw Airport,PL,PL-DS,Wroc‚âà√áaw,51.10269928,16.88579941
ESGG,large_airport,Gothenburg-Landvetter Airport,SE,SE-Q,Gothenburg,57.66279984,12.27980042
ESMS,large_airport,Malm‚àö‚àÇ Sturup Airport,SE,SE-M,Malm‚àö‚àÇ,55.53630536,13.37619781
ESPA,large_airport,Lule‚àö‚Ä¢ Airport,SE,SE-BD,Lule‚àö‚Ä¢,65.54380035,22.12199974
ESSA,large_airport,Stockholm-Arlanda Airport,SE,SE-AB,Stockholm,59.65190125,17.91860008
ETAR,large_airport,Ramstein Air Base,DE,DE-RP,Ramstein,49.43690109,7.600279808
EVRA,large_airport,Riga International Airport,LV,LV-RIX,Riga,56.92359924,23.97109985
EYVI,large_airport,Vilnius International Airport,LT,LT-VL,Vilnius,54.634102,25.285801
FACT,large_airport,Cape Town International Airport,ZA,ZA-WC,Cape Town,-33.96480179,18.60169983
FAGG,large_airport,George Airport,ZA,ZA-WC,George,-34.0056,22.378902
FAJS,large_airport,OR Tambo International Airport,ZA,ZA-GT,Johannesburg,-26.1392,28.246
FALE,large_airport,King Shaka International Airport,ZA,ZA-NL,Durban,-29.61444444,31.11972222
FAOR,large_airport,OR Tambo International Airport,ZA,ZA-GT,Johannesburg,-26.1392,28.246
FBSK,large_airport,Sir Seretse Khama International Airport,BW,BW-SE,Gaborone,-24.555201,25.9182
FIMP,large_airport,Sir Seewoosagur Ramgoolam International Airport,MU,MU-GP,Port Louis,-20.430201,57.683601
FLLS,large_airport,Kenneth Kaunda International Airport Lusaka,ZM,ZM-09,Lusaka,-15.33080006,28.45260048
FMMI,large_airport,Ivato Airport,MG,MG-T,Antananarivo,-18.7969,47.478802
FNLU,large_airport,Quatro de Fevereiro Airport,AO,AO-LUA,Luanda,-8.85837,13.2312
FQMA,large_airport,Maputo Airport,MZ,MZ-MPM,Maputo,-25.920799,32.572601
FSIA,large_airport,Seychelles International Airport,SC,SC-20,Mahe Island,-4.67434,55.521801
FTTJ,large_airport,N'Djamena International Airport,TD,TD-CB,N'Djamena,12.1337,15.034
FVHA,large_airport,Robert Gabriel Mugabe International Airport,ZW,ZW-HA,Harare,-17.931801,31.0928
FYWH,large_airport,Hosea Kutako International Airport,NA,NA-KH,Windhoek,-22.4799,17.4709
FZAA,large_airport,Ndjili International Airport,CD,CD-KN,Kinshasa,-4.38575,15.4446
GABS,large_airport,Modibo Keita International Airport,ML,ML-2,Bamako,12.5335,-7.94994
GCLA,large_airport,La Palma Airport,ES,ES-CN,Sta Cruz de la Palma – La Palma Island,28.626499,-17.7556
GCLP,large_airport,Gran Canaria Airport,ES,ES-CN,Gran Canaria Island,27.93190002,-15.38659954
GCTS,large_airport,Tenerife South Airport,ES,ES-CN,Tenerife Island,28.04450035,-16.57250023
GCXO,large_airport,Tenerife Norte Airport,ES,ES-CN,Tenerife Island,28.48270035,-16.34149933
GFLL,large_airport,Lungi International Airport,SL,SL-N,Freetown,8.61644,-13.1955
GLRB,large_airport,Roberts International Airport,LR,LR-MG,Monrovia,6.23379,-10.3623
GMMN,large_airport,Mohammed V International Airport,MA,MA-CAS,Casablanca,33.36750031,-7.589970112
GOBD,large_airport,Blaise Diagne International Airport,SN,SN-DK,Dakar,14.67,-17.073333
GOOY,large_airport,L‚àö¬©opold S‚àö¬©dar Senghor International Airport,SN,SN-DK,Dakar,14.73970032,-17.49020004
GQNO,large_airport,Nouakchott‚Äö√Ñ√¨Oumtounsy International Airport,MR,MR-NKC,Nouakchott,18.31,-15.9697222
GVAC,large_airport,Am‚àö‚â†lcar Cabral International Airport,CV,CV-B,Espargos,16.7414,-22.9494
HAAB,large_airport,Addis Ababa Bole International Airport,ET,ET-AA,Addis Ababa,8.977890015,38.79930115
HECA,large_airport,Cairo International Airport,EG,EG-C,Cairo,30.12190056,31.40559959
HEGN,large_airport,Hurghada International Airport,EG,EG-BA,Hurghada,27.17830086,33.79940033
HELX,large_airport,Luxor International Airport,EG,EG-KN,Luxor,25.671,32.7066
HKJK,large_airport,Jomo Kenyatta International Airport,KE,KE-110,Nairobi,-1.319239974,36.92779922
HKMO,large_airport,Mombasa Moi International Airport,KE,KE-300,Mombasa,-4.034830093,39.59420013
HLLT,large_airport,Tripoli International Airport,LY,LY-TB,Tripoli,32.66350174,13.1590004
HRYR,large_airport,Kigali International Airport,RW,RW-01,Kigali,-1.96863,30.1395
HSSJ,large_airport,Juba International Airport,SS,SS-17,Juba,4.872010231,31.60110092
HSSS,large_airport,Khartoum International Airport,SD,SD-03,Khartoum,15.58950043,32.55319977
HTDA,large_airport,Julius Nyerere International Airport,TZ,TZ-02,Dar es Salaam,-6.87811,39.202599
HTZA,large_airport,Abeid Amani Karume International Airport,TZ,TZ-07,Zanzibar,-6.22202,39.224899
HUEN,large_airport,Entebbe International Airport,UG,UG-102,Kampala,0.042386,32.443501
ID-0017,large_airport,Sungai Siring International Airport,ID,ID-KI,Samarinda,-0.373611,117.255556
JNB,large_airport,O R Tambo International,ZA,ZA-U-A,Johannesburg,-26.1392,28.246
KABQ,large_airport,Albuquerque International Sunport,US,US-NM,Albuquerque,35.040199,-106.609001
KADW,large_airport,Joint Base Andrews,US,US-MD,Camp Springs,38.810799,-76.866997
KAFW,large_airport,Fort Worth Alliance Airport,US,US-TX,Fort Worth,32.98759842,-97.31880188
KAGS,large_airport,Augusta Regional At Bush Field,US,US-GA,Augusta,33.36989975,-81.96450043
KAMA,large_airport,Rick Husband Amarillo International Airport,US,US-TX,Amarillo,35.219398,-101.706001
KATL,large_airport,Hartsfield Jackson Atlanta International Airport,US,US-GA,Atlanta,33.6367,-84.428101
KAUS,large_airport,Austin Bergstrom International Airport,US,US-TX,Austin,30.19449997,-97.66989899
KAVL,large_airport,Asheville Regional Airport,US,US-NC,Asheville,35.43619919,-82.54180145
KBAB,large_airport,Beale Air Force Base,US,US-CA,Marysville,39.13610077,-121.4369965
KBAD,large_airport,Barksdale Air Force Base,US,US-LA,Bossier City,32.50180054,-93.66269684
KBDL,large_airport,Bradley International Airport,US,US-CT,Hartford,41.93889999,-72.68319702
KBFI,large_airport,Boeing Field King County International Airport,US,US-WA,Seattle,47.52999878,-122.302002
KBGR,large_airport,Bangor International Airport,US,US-ME,Bangor,44.80739975,-68.82810211
KBHM,large_airport,Birmingham-Shuttlesworth International Airport,US,US-AL,Birmingham,33.56290054,-86.75350189
KBIL,large_airport,Billings Logan International Airport,US,US-MT,Billings,45.80770111,-108.5429993
KBLV,large_airport,Scott AFB/Midamerica Airport,US,US-IL,Belleville,38.5452,-89.835197
KBMI,large_airport,Central Illinois Regional Airport at Bloomington-Normal,US,US-IL,Bloomington/Normal,40.47710037,-88.91590118
KBNA,large_airport,Nashville International Airport,US,US-TN,Nashville,36.12450027,-86.67819977
KBOI,large_airport,Boise Air Terminal/Gowen Field,US,US-ID,Boise,43.5644,-116.223
KBOS,large_airport,General Edward Lawrence Logan International Airport,US,US-MA,Boston,42.36429977,-71.00520325
KBUF,large_airport,Buffalo Niagara International Airport,US,US-NY,Buffalo,42.94049835,-78.73220062
KBWI,large_airport,Baltimore/Washington International Thurgood Marshall Airport,US,US-MD,Baltimore,39.1754,-76.668297
KCAE,large_airport,Columbia Metropolitan Airport,US,US-SC,Columbia,33.93880081,-81.11949921
KCBM,large_airport,Columbus Air Force Base,US,US-MS,Columbus,33.64379883,-88.44380188
KCHA,large_airport,Lovell Field,US,US-TN,Chattanooga,35.03530121,-85.20379639
KCHS,large_airport,Charleston Air Force Base-International Airport,US,US-SC,Charleston,32.89860153,-80.04049683
KCID,large_airport,The Eastern Iowa Airport,US,US-IA,Cedar Rapids,41.88470078,-91.71080017
KCLE,large_airport,Cleveland Hopkins International Airport,US,US-OH,Cleveland,41.4117012,-81.84980011
KCLT,large_airport,Charlotte Douglas International Airport,US,US-NC,Charlotte,35.2140007,-80.94309998
KCMH,large_airport,John Glenn Columbus International Airport,US,US-OH,Columbus,39.998001,-82.891899
KCOS,large_airport,City of Colorado Springs Municipal Airport,US,US-CO,Colorado Springs,38.805801,-104.700996
KCRP,large_airport,Corpus Christi International Airport,US,US-TX,Corpus Christi,27.77039909,-97.50119781
KCRW,large_airport,Yeager Airport,US,US-WV,Charleston,38.37310028,-81.59320068
KCVG,large_airport,Cincinnati Northern Kentucky International Airport,US,US-KY,Cincinnati,39.04880142,-84.6678009
KCVS,large_airport,Cannon Air Force Base,US,US-NM,Clovis,34.38280106,-103.3219986
KDAB,large_airport,Daytona Beach International Airport,US,US-FL,Daytona Beach,29.179899,-81.058098
KDAL,large_airport,Dallas Love Field,US,US-TX,Dallas,32.847099,-96.851799
KDAY,large_airport,James M Cox Dayton International Airport,US,US-OH,Dayton,39.90240097,-84.2193985
KDBQ,large_airport,Dubuque Regional Airport,US,US-IA,Dubuque,42.40200043,-90.70950317
KDCA,large_airport,Ronald Reagan Washington National Airport,US,US-DC,Washington,38.8521,-77.037697
KDEN,large_airport,Denver International Airport,US,US-CO,Denver,39.86169815,-104.6729965
KDFW,large_airport,Dallas Fort Worth International Airport,US,US-TX,Dallas-Fort Worth,32.896801,-97.038002
KDLF,large_airport,DLF Airport,US,US-TX,Del Rio,29.359501,-100.778002
KDLH,large_airport,Duluth International Airport,US,US-MN,Duluth,46.84209824,-92.19360352
KDOV,large_airport,Dover Air Force Base,US,US-DE,Dover,39.12950134,-75.46600342
KDSM,large_airport,Des Moines International Airport,US,US-IA,Des Moines,41.5340004,-93.6631012
KDTW,large_airport,Detroit Metropolitan Wayne County Airport,US,US-MI,Detroit,42.21239853,-83.35340118
KDYS,large_airport,Dyess Air Force Base,US,US-TX,Abilene,32.42079926,-99.854599
KEDW,large_airport,Edwards Air Force Base,US,US-CA,Edwards,34.905399,-117.884003
KEND,large_airport,Vance Air Force Base,US,US-OK,Enid,36.33919907,-97.91649628
KERI,large_airport,Erie International Tom Ridge Field,US,US-PA,Erie,42.08312701,-80.17386675
KEWR,large_airport,Newark Liberty International Airport,US,US-NJ,Newark,40.69250107,-74.16870117
KFFO,large_airport,Wright-Patterson Air Force Base,US,US-OH,Dayton,39.8260994,-84.0483017
KFLL,large_airport,Fort Lauderdale Hollywood International Airport,US,US-FL,Fort Lauderdale,26.072599,-80.152702
KFSM,large_airport,Fort Smith Regional Airport,US,US-AR,Fort Smith,35.33660126,-94.36740112
KFTW,large_airport,Fort Worth Meacham International Airport,US,US-TX,Fort Worth,32.819801,-97.362396
KFWA,large_airport,Fort Wayne International Airport,US,US-IN,Fort Wayne,40.97850037,-85.19509888
KGEG,large_airport,Spokane International Airport,US,US-WA,Spokane,47.61989975,-117.5339966
KGPT,large_airport,Gulfport Biloxi International Airport,US,US-MS,Gulfport,30.40730095,-89.07009888
KGRB,large_airport,Austin Straubel International Airport,US,US-WI,Green Bay,44.48509979,-88.12960052
KGSB,large_airport,Seymour Johnson Air Force Base,US,US-NC,Goldsboro,35.33940125,-77.96060181
KGSO,large_airport,Piedmont Triad International Airport,US,US-NC,Greensboro,36.09780121,-79.93730164
KGSP,large_airport,Greenville Spartanburg International Airport,US,US-SC,Greenville,34.89569855,-82.21890259
KGUS,large_airport,Grissom Air Reserve Base,US,US-IN,Peru,40.64810181,-86.15209961
KHIB,large_airport,Range Regional Airport,US,US-MN,Hibbing,47.38660049,-92.83899689
KHMN,large_airport,Holloman Air Force Base,US,US-NM,Alamogordo,32.85250092,-106.1070023
KHOU,large_airport,William P Hobby Airport,US,US-TX,Houston,29.64539909,-95.27890015
KHSV,large_airport,Huntsville International Carl T Jones Field,US,US-AL,Huntsville,34.6371994,-86.77510071
KHTS,large_airport,Tri-State/Milton J. Ferguson Field,US,US-WV,Huntington,38.36669922,-82.55799866
KIAD,large_airport,Washington Dulles International Airport,US,US-DC,Washington,38.94449997,-77.45580292
KIAH,large_airport,George Bush Intercontinental Houston Airport,US,US-TX,Houston,29.9843998,-95.34140015
KICT,large_airport,Wichita Eisenhower National Airport,US,US-KS,Wichita,37.649899,-97.433098
KIND,large_airport,Indianapolis International Airport,US,US-IN,Indianapolis,39.7173,-86.294403
KJAN,large_airport,Jackson-Medgar Wiley Evers International Airport,US,US-MS,Jackson,32.31119919,-90.07589722
KJAX,large_airport,Jacksonville International Airport,US,US-FL,Jacksonville,30.49410057,-81.68789673
KJFK,large_airport,John F Kennedy International Airport,US,US-NY,New York,40.63980103,-73.77890015
KJLN,large_airport,Joplin Regional Airport,US,US-MO,Joplin,37.15179825,-94.49829865
KLAS,large_airport,McCarran International Airport,US,US-NV,Las Vegas,36.08010101,-115.1520004
KLAX,large_airport,Los Angeles International Airport,US,US-CA,Los Angeles,33.94250107,-118.4079971
KLBB,large_airport,Lubbock Preston Smith International Airport,US,US-TX,Lubbock,33.663601,-101.822998
KLCK,large_airport,Rickenbacker International Airport,US,US-OH,Columbus,39.813801,-82.927803
KLEX,large_airport,Blue Grass Airport,US,US-KY,Lexington,38.03649902,-84.60590363
KLFI,large_airport,Langley Air Force Base,US,US-VA,Hampton,37.082901,-76.36049652
KLFT,large_airport,Lafayette Regional Airport,US,US-LA,Lafayette,30.20529938,-91.98760223
KLGA,large_airport,La Guardia Airport,US,US-NY,New York,40.77719879,-73.87259674
KLIT,large_airport,Bill & Hillary Clinton National Airport/Adams Field,US,US-AR,Little Rock,34.72940063,-92.22429657
KLTS,large_airport,Altus Air Force Base,US,US-OK,Altus,34.667099,-99.26670074
KLUF,large_airport,Luke Air Force Base,US,US-AZ,Glendale,33.53499985,-112.3830032
KMBS,large_airport,MBS International Airport,US,US-MI,Saginaw,43.53290176,-84.07959747
KMCF,large_airport,Mac Dill Air Force Base,US,US-FL,Tampa,27.84930038,-82.52120209
KMCI,large_airport,Kansas City International Airport,US,US-MO,Kansas City,39.2976,-94.713898
KMCO,large_airport,Orlando International Airport,US,US-FL,Orlando,28.42939949,-81.30899811
KMDW,large_airport,Chicago Midway International Airport,US,US-IL,Chicago,41.785999,-87.752403
KMEM,large_airport,Memphis International Airport,US,US-TN,Memphis,35.04240036,-89.97669983
KMGE,large_airport,Dobbins Air Reserve Base,US,US-GA,Marietta,33.91540146,-84.51629639
KMGM,large_airport,Montgomery Regional (Dannelly Field) Airport,US,US-AL,Montgomery,32.30059814,-86.39399719
KMHT,large_airport,Manchester-Boston Regional Airport,US,US-NH,Manchester,42.932598,-71.435699
KMIA,large_airport,Miami International Airport,US,US-FL,Miami,25.79319954,-80.29060364
KMKE,large_airport,General Mitchell International Airport,US,US-WI,Milwaukee,42.94720078,-87.89659882
KMLI,large_airport,Quad City International Airport,US,US-IL,Moline,41.44850159,-90.50749969
KMLU,large_airport,Monroe Regional Airport,US,US-LA,Monroe,32.51089859,-92.03769684
KMOB,large_airport,Mobile Regional Airport,US,US-AL,Mobile,30.69120026,-88.24279785
KMSN,large_airport,Dane County Regional Truax Field,US,US-WI,Madison,43.13990021,-89.33750153
KMSP,large_airport,Minneapolis-St Paul International/Wold-Chamberlain Airport,US,US-MN,Minneapolis,44.882,-93.221802
KMSY,large_airport,Louis Armstrong New Orleans International Airport,US,US-LA,New Orleans,29.99340057,-90.25800323
KMUO,large_airport,Mountain Home Air Force Base,US,US-ID,Mountain Home,43.043598,-115.872002
KOAK,large_airport,Metropolitan Oakland International Airport,US,US-CA,Oakland,37.721298,-122.221001
KOKC,large_airport,Will Rogers World Airport,US,US-OK,Oklahoma City,35.39310074,-97.60070038
KOMA,large_airport,Eppley Airfield,US,US-NE,Omaha,41.3032,-95.894096
KONT,large_airport,Ontario International Airport,US,US-CA,Ontario,34.05599976,-117.6009979
KORD,large_airport,Chicago O'Hare International Airport,US,US-IL,Chicago,41.9786,-87.9048
KORF,large_airport,Norfolk International Airport,US,US-VA,Norfolk,36.89459991,-76.20120239
KPAM,large_airport,Tyndall Air Force Base,US,US-FL,Panama City,30.06959915,-85.57540131
KPBI,large_airport,Palm Beach International Airport,US,US-FL,West Palm Beach,26.68320084,-80.09559631
KPDX,large_airport,Portland International Airport,US,US-OR,Portland,45.58869934,-122.5979996
KPHF,large_airport,Newport News Williamsburg International Airport,US,US-VA,Newport News,37.13190079,-76.49299622
KPHL,large_airport,Philadelphia International Airport,US,US-PA,Philadelphia,39.87189865,-75.2410965
KPHX,large_airport,Phoenix Sky Harbor International Airport,US,US-AZ,Phoenix,33.43429947,-112.012001
KPIA,large_airport,General Wayne A. Downing Peoria International Airport,US,US-IL,Peoria,40.66419983,-89.69329834
KPIT,large_airport,Pittsburgh International Airport,US,US-PA,Pittsburgh,40.49150085,-80.23290253
KPVD,large_airport,Theodore Francis Green State Airport,US,US-RI,Providence,41.732601,-71.420403
KPWM,large_airport,Portland International Jetport Airport,US,US-ME,Portland,43.64619827,-70.30930328
KRDU,large_airport,Raleigh Durham International Airport,US,US-NC,Raleigh/Durham,35.87760162,-78.78749847
KRFD,large_airport,Chicago Rockford International Airport,US,US-IL,Chicago/Rockford,42.19540024,-89.09719849
KRIC,large_airport,Richmond International Airport,US,US-VA,Richmond,37.50519943,-77.31970215
KRND,large_airport,Randolph Air Force Base,US,US-TX,Universal City,29.52969933,-98.27890015
KRNO,large_airport,Reno Tahoe International Airport,US,US-NV,Reno,39.49909973,-119.7679977
KROA,large_airport,Roanoke‚Äö√Ñ√¨Blacksburg Regional Airport,US,US-VA,Roanoke,37.3255,-79.975403
KROC,large_airport,Greater Rochester International Airport,US,US-NY,Rochester,43.1189003,-77.67240143
KRST,large_airport,Rochester International Airport,US,US-MN,Rochester,43.90829849,-92.5
KRSW,large_airport,Southwest Florida International Airport,US,US-FL,Fort Myers,26.53619957,-81.75520325
KSAN,large_airport,San Diego International Airport,US,US-CA,San Diego,32.73360062,-117.1900024
KSAT,large_airport,San Antonio International Airport,US,US-TX,San Antonio,29.53370094,-98.46980286
KSAV,large_airport,Savannah Hilton Head International Airport,US,US-GA,Savannah,32.12760162,-81.20210266
KSBN,large_airport,South Bend Regional Airport,US,US-IN,South Bend,41.70869827,-86.31729889
KSDF,large_airport,Louisville International Standiford Field,US,US-KY,Louisville,38.1744,-85.736
KSEA,large_airport,Seattle Tacoma International Airport,US,US-WA,Seattle,47.449001,-122.308998
KSFB,large_airport,Orlando Sanford International Airport,US,US-FL,Orlando,28.77759933,-81.23750305
KSFO,large_airport,San Francisco International Airport,US,US-CA,San Francisco,37.61899948,-122.375
KSGF,large_airport,Springfield Branson National Airport,US,US-MO,Springfield,37.24570084,-93.38860321
KSJC,large_airport,Norman Y. Mineta San Jose International Airport,US,US-CA,San Jose,37.362598,-121.929001
KSKA,large_airport,Fairchild Air Force Base,US,US-WA,Spokane,47.61510086,-117.6559982
KSLC,large_airport,Salt Lake City International Airport,US,US-UT,Salt Lake City,40.78839874,-111.9779968
KSMF,large_airport,Sacramento International Airport,US,US-CA,Sacramento,38.69540024,-121.5910034
KSNA,large_airport,John Wayne Airport-Orange County Airport,US,US-CA,Santa Ana,33.67570114,-117.8679962
KSPI,large_airport,Abraham Lincoln Capital Airport,US,US-IL,Springfield,39.84410095,-89.67790222
KSPS,large_airport,Sheppard Air Force Base-Wichita Falls Municipal Airport,US,US-TX,Wichita Falls,33.9888,-98.491898
KSRQ,large_airport,Sarasota Bradenton International Airport,US,US-FL,Sarasota/Bradenton,27.39539909,-82.55439758
KSSC,large_airport,Shaw Air Force Base,US,US-SC,Sumter,33.97269821,-80.47059631
KSTL,large_airport,St Louis Lambert International Airport,US,US-MO,St Louis,38.748697,-90.370003
KSUS,large_airport,Spirit of St Louis Airport,US,US-MO,St Louis,38.66210175,-90.65200043
KSUU,large_airport,Travis Air Force Base,US,US-CA,Fairfield,38.26269913,-121.927002
KSUX,large_airport,Sioux Gateway Col. Bud Day Field,US,US-IA,Sioux City,42.40259933,-96.38439941
KSYR,large_airport,Syracuse Hancock International Airport,US,US-NY,Syracuse,43.11119843,-76.10630035
KSZL,large_airport,Whiteman Air Force Base,US,US-MO,Knob Noster,38.7303009,-93.54789734
KTCM,large_airport,McChord Air Force Base,US,US-WA,Tacoma,47.13769913,-122.4759979
KTIK,large_airport,Tinker Air Force Base,US,US-OK,Oklahoma City,35.41469955,-97.38659668
KTLH,large_airport,Tallahassee Regional Airport,US,US-FL,Tallahassee,30.39649963,-84.35030365
KTOL,large_airport,Toledo Express Airport,US,US-OH,Toledo,41.58679962,-83.80780029
KTPA,large_airport,Tampa International Airport,US,US-FL,Tampa,27.97550011,-82.53320313
KTRI,large_airport,Tri-Cities Regional TN/VA Airport,US,US-TN,Bristol/Johnson/Kingsport,36.475201,-82.407401
KTUL,large_airport,Tulsa International Airport,US,US-OK,Tulsa,36.19839859,-95.88809967
KTUS,large_airport,Tucson International Airport,US,US-AZ,Tucson,32.11610031,-110.9410019
KTYS,large_airport,McGhee Tyson Airport,US,US-TN,Knoxville,35.81100082,-83.9940033
KVBG,large_airport,Vandenberg Air Force Base,US,US-CA,Lompoc,34.73730087,-120.5839996
KVPS,large_airport,Destin-Ft Walton Beach Airport,US,US-FL,Valparaiso,30.4832,-86.525398
KWRB,large_airport,Robins Air Force Base,US,US-GA,Warner Robins,32.64009857,-83.59190369
LATI,large_airport,Tirana International Airport Mother Teresa,AL,AL-11,Tirana,41.41469955,19.72060013
LBBG,large_airport,Burgas Airport,BG,BG-02,Burgas,42.56959915,27.51519966
LBSF,large_airport,Sofia Airport,BG,BG-23,Sofia,42.69669342,23.41143608
LBWN,large_airport,Varna Airport,BG,BG-03,Varna,43.232101,27.8251
LCLK,large_airport,Larnaca International Airport,CY,CY-04,Larnarca,34.87509918,33.62490082
LCPH,large_airport,Paphos International Airport,CY,CY-06,Paphos,34.7179985,32.4856987
LCRA,large_airport,RAF Akrotiri,GB,GB-U-A,Akrotiri,34.590401,32.9879
LDZA,large_airport,Zagreb Airport,HR,HR-21,Zagreb,45.74290085,16.06879997
LEAL,large_airport,Alicante International Airport,ES,ES-V,Alicante,38.28219986,-0.558156013
LEBL,large_airport,Barcelona International Airport,ES,ES-CT,Barcelona,41.2971,2.07846
LEMD,large_airport,Adolfo Su‚àö¬∞rez Madrid‚Äö√Ñ√¨Barajas Airport,ES,ES-M,Madrid,40.471926,-3.56264
LEMG,large_airport,M‚àö¬∞laga Airport,ES,ES-AN,M‚àö¬∞laga,36.67490005,-4.499110222
LEPA,large_airport,Palma De Mallorca Airport,ES,ES-PM,Palma De Mallorca,39.55170059,2.738810062
LEST,large_airport,Santiago de Compostela Airport,ES,ES-GA,Santiago de Compostela,42.89630127,-8.415140152
LFBD,large_airport,Bordeaux-M‚àö¬©rignac Airport,FR,FR-B,Bordeaux/M‚àö¬©rignac,44.82830048,-0.715556026
LFBO,large_airport,Toulouse-Blagnac Airport,FR,FR-N,Toulouse/Blagnac,43.629101,1.36382
LFLL,large_airport,Lyon Saint-Exup‚àö¬©ry Airport,FR,FR-V,Lyon,45.725556,5.081111
LFML,large_airport,Marseille Provence Airport,FR,FR-U,Marseille,43.43927192,5.221424103
LFMN,large_airport,Nice-C‚àö¬•te d'Azur Airport,FR,FR-U,Nice,43.65840149,7.215869904
LFOA,large_airport,Avord (BA 702) Air Base,FR,FR-F,Avord,47.053299,2.6325
LFPG,large_airport,Charles de Gaulle International Airport,FR,FR-J,Paris,49.012798,2.55
LFPO,large_airport,Paris-Orly Airport,FR,FR-J,Paris,48.7233333,2.3794444
LFSB,large_airport,EuroAirport Basel-Mulhouse-Freiburg Airport,FR,FR-A,B‚àö¬¢le/Mulhouse,47.59,7.5291667
LGAV,large_airport,Eleftherios Venizelos International Airport,GR,GR-A1,Athens,37.93640137,23.94449997
LGIR,large_airport,Heraklion International Nikos Kazantzakis Airport,GR,GR-91,Heraklion,35.33969879,25.18029976
LGTS,large_airport,Thessaloniki Macedonia International Airport,GR,GR-54,Thessaloniki,40.5196991,22.97089958
LHBP,large_airport,Budapest Liszt Ferenc International Airport,HU,HU-PE,Budapest,47.42976,19.261093
LIBD,large_airport,Bari Karol Wojty‚âà√áa Airport,IT,IT-75,Bari,41.138901,16.760599
LICC,large_airport,Catania-Fontanarossa Airport,IT,IT-82,Catania,37.466801,15.0664
LICJ,large_airport,Falcone‚Äö√Ñ√¨Borsellino Airport,IT,IT-82,Palermo,38.175999,13.091
LIEE,large_airport,Cagliari Elmas Airport,IT,IT-88,Cagliari,39.251499,9.05428
LIMC,large_airport,Malpensa International Airport,IT,IT-25,Milan,45.6306,8.72811
LIME,large_airport,Il Caravaggio International Airport,IT,IT-25,Bergamo,45.673901,9.70417
LIMF,large_airport,Turin Airport,IT,IT-21,Torino,45.200802,7.64963
LIMJ,large_airport,Genoa Cristoforo Colombo Airport,IT,IT-42,Genova,44.4133,8.8375
LIML,large_airport,Milano Linate Airport,IT,IT-25,Milan,45.445099,9.27674
LIPE,large_airport,Bologna Guglielmo Marconi Airport,IT,IT-45,Bologna,44.5354,11.2887
LIPH,large_airport,Treviso-Sant'Angelo Airport,IT,IT-34,Treviso,45.648399,12.1944
LIPX,large_airport,Verona Villafranca Airport,IT,IT-34,Verona,45.395699,10.8885
LIPZ,large_airport,Venice Marco Polo Airport,IT,IT-34,Venice,45.505299,12.3519
LIRA,large_airport,Ciampino‚Äö√Ñ√¨G. B. Pastine International Airport,IT,IT-62,Rome,41.7994,12.5949
LIRF,large_airport,Leonardo da Vinci‚Äö√Ñ√¨Fiumicino Airport,IT,IT-62,Rome,41.8002778,12.2388889
LIRN,large_airport,Naples International Airport,IT,IT-72,N‚àö¬∞poli,40.886002,14.2908
LIRP,large_airport,Pisa International Airport,IT,IT-52,Pisa,43.683899,10.3927
LJLJ,large_airport,Ljubljana Jo‚âà√¶e Pu∆í√ßnik Airport,SI,SI-061,Ljubljana,46.223701,14.4576
LKPR,large_airport,V‚àö¬∞clav Havel Airport Prague,CZ,CZ-PR,Prague,50.1008,14.26
LLBG,large_airport,Ben Gurion International Airport,IL,IL-M,Tel Aviv,32.01139832,34.88669968
LLOV,large_airport,Ovda International Airport,IL,IL-D,Eilat,29.94029999,34.93579865
LMML,large_airport,Malta International Airport,MT,MT-25,Valletta,35.857498,14.4775
LOWW,large_airport,Vienna International Airport,AT,AT-9,Vienna,48.11029816,16.56970024
LPFR,large_airport,Faro Airport,PT,PT-08,Faro,37.01440048,-7.965909958
LPLA,large_airport,Lajes Airport,PT,PT-20,Praia da Vit‚àö‚â•ria,38.761799,-27.090799
LPPD,large_airport,Jo‚àö¬£o Paulo II Airport,PT,PT-20,Ponta Delgada,37.74119949,-25.69790077
LPPR,large_airport,Francisco de S‚àö¬∞ Carneiro Airport,PT,PT-13,Porto,41.24810028,-8.681389809
LPPT,large_airport,Humberto Delgado Airport (Lisbon Portela Airport),PT,PT-11,Lisbon,38.7813,-9.13592
LQSA,large_airport,Sarajevo International Airport,BA,BA-BIH,Sarajevo,43.82460022,18.3314991
LROP,large_airport,Henri Coand∆í√â International Airport,RO,RO-B,Bucharest,44.5711111,26.085
LSGG,large_airport,Geneva Cointrin International Airport,CH,CH-GE,Geneva,46.23809814,6.108950138
LSZH,large_airport,Z‚àö¬∫rich Airport,CH,CH-ZH,Zurich,47.464699,8.54917
LTAC,large_airport,Esenbo∆í√ºa International Airport,TR,TR-06,Ankara,40.12810135,32.99509811
LTAF,large_airport,Adana Airport,TR,TR-01,Adana,36.98220062,35.28039932
LTAI,large_airport,Antalya International Airport,TR,TR-07,Antalya,36.898701,30.800501
LTAJ,large_airport,Gaziantep International Airport,TR,TR-27,Gaziantep,36.94720078,37.47869873
LTBA,large_airport,Atat‚àö¬∫rk International Airport,TR,TR-34,Istanbul,40.976898,28.8146
LTBJ,large_airport,Adnan Menderes International Airport,TR,TR-35,∆í‚àûzmir,38.29240036,27.15699959
LTBS,large_airport,Dalaman International Airport,TR,TR-48,Dalaman,36.71310043,28.79249954
LTCE,large_airport,Erzurum International Airport,TR,TR-25,Erzurum,39.95650101,41.17020035
LTCG,large_airport,Trabzon International Airport,TR,TR-61,Trabzon,40.99509811,39.78969955
LTFC,large_airport,S‚àö¬∫leyman Demirel International Airport,TR,TR-32,Isparta,37.85540009,30.36840057
LTFE,large_airport,Milas Bodrum International Airport,TR,TR-48,Bodrum,37.25059891,27.66430092
LTFJ,large_airport,Sabiha G‚àö‚àÇk‚àö√üen International Airport,TR,TR-34,Istanbul,40.89860153,29.30920029
LWSK,large_airport,Skopje Alexander the Great Airport,MK,MK-004,Skopje,41.961601,21.621401
LYBE,large_airport,Belgrade Nikola Tesla Airport,RS,RS-00,Belgrade,44.81840134,20.3090992
LYPG,large_airport,Podgorica Airport,ME,ME-16,Podgorica,42.359402,19.2519
LZIB,large_airport,M. R. ‚âà‚Ä†tef‚àö¬∞nik Airport,SK,SK-BL,Bratislava,48.17020035,17.21269989
MDPC,large_airport,Punta Cana International Airport,DO,DO-11,Punta Cana,18.56739998,-68.36340332
MDSD,large_airport,Las Am‚àö¬©ricas International Airport,DO,DO-01,Santo Domingo,18.42970085,-69.66889954
MGGT,large_airport,La Aurora Airport,GT,GT-GU,Guatemala City,14.5833,-90.527496
MKJP,large_airport,Norman Manley International Airport,JM,JM-01,Kingston,17.93569946,-76.78749847
MMAA,large_airport,General Juan N Alvarez International Airport,MX,MX-GRO,Acapulco,16.75709915,-99.7539978
MMGL,large_airport,Don Miguel Hidalgo Y Costilla International Airport,MX,MX-JAL,Guadalajara,20.52179909,-103.310997
MMHO,large_airport,General Ignacio P. Garcia International Airport,MX,MX-SON,Hermosillo,29.09589958,-111.0479965
MMMX,large_airport,Licenciado Benito Juarez International Airport,MX,MX-DIF,Mexico City,19.4363,-99.072098
MMMY,large_airport,General Mariano Escobedo International Airport,MX,MX-NLE,Monterrey,25.7784996,-100.1070023
MMPR,large_airport,Licenciado Gustavo D‚àö‚â†az Ordaz International Airport,MX,MX-JAL,Puerto Vallarta,20.68009949,-105.2539978
MMSD,large_airport,Los Cabos International Airport,MX,MX-BCS,San Jos‚àö¬© del Cabo,23.15180016,-109.7210007
MMTJ,large_airport,General Abelardo L. Rodr‚àö‚â†guez International Airport,MX,MX-BCN,Tijuana,32.54109955,-116.9700012
MMUN,large_airport,Canc‚àö‚à´n International Airport,MX,MX-ROO,Canc‚àö‚à´n,21.03650093,-86.87709808
MPTO,large_airport,Tocumen International Airport,PA,PA-8,Tocumen,9.071359634,-79.38349915
MRLB,large_airport,Daniel Oduber Quiros International Airport,CR,CR-G,Liberia,10.5933,-85.544403
MSLP,large_airport,Monse‚àö¬±or ‚àö√¨scar Arnulfo Romero International Airport,SV,SV-PA,San Salvador (San Luis Talpa),13.4409,-89.055702
MUHA,large_airport,Jos‚àö¬© Mart‚àö‚â† International Airport,CU,CU-03,Havana,22.98920059,-82.40910339
MUVR,large_airport,Juan Gualberto Gomez International Airport,CU,CU-04,Varadero,23.03440094,-81.43530273
MWCR,large_airport,Owen Roberts International Airport,KY,KY-U-A,Georgetown,19.2928009,-81.35769653
MYNN,large_airport,Lynden Pindling International Airport,BS,BS-NP,Nassau,25.039,-77.466202
MZBZ,large_airport,Philip S. W. Goldson International Airport,BZ,BZ-BZ,Belize City,17.53910065,-88.30819702
NCRG,large_airport,Rarotonga International Airport,CK,CK-U-A,Avarua,-21.20269966,-159.8059998
NTAA,large_airport,Faa'a International Airport,PF,PF-U-A,Papeete,-17.553699,-149.606995
NZAA,large_airport,Auckland International Airport,NZ,NZ-AUK,Auckland,-37.0080986,174.7920074
NZCH,large_airport,Christchurch International Airport,NZ,NZ-CAN,Christchurch,-43.48939896,172.5319977
NZWN,large_airport,Wellington International Airport,NZ,NZ-WGN,Wellington,-41.32720184,174.8049927
OBBI,large_airport,Bahrain International Airport,BH,BH-15,Manama,26.27079964,50.63359833
OEDF,large_airport,King Fahd International Airport,SA,SA-04,Ad Dammam,26.47120094,49.79790115
OEDR,large_airport,King Abdulaziz Air Base,SA,SA-04,,26.26539993,50.15200043
OEJN,large_airport,King Abdulaziz International Airport,SA,SA-02,Jeddah,21.6796,39.156502
OEMA,large_airport,Prince Mohammad Bin Abdulaziz Airport,SA,SA-03,Medina,24.5534,39.705101
OERK,large_airport,King Khaled International Airport,SA,SA-01,Riyadh,24.95759964,46.69879913
OIIE,large_airport,Imam Khomeini International Airport,IR,IR-07,Tehran,35.41609955,51.15219879
OIII,large_airport,Mehrabad International Airport,IR,IR-07,Tehran,35.68920135,51.31340027
OIMM,large_airport,Mashhad International Airport,IR,IR-30,Mashhad,36.23519897,59.64099884
OISS,large_airport,Shiraz Shahid Dastghaib International Airport,IR,IR-14,Shiraz,29.53919983,52.58980179
OITT,large_airport,Tabriz International Airport,IR,IR-01,Tabriz,38.13389969,46.23500061
OJAI,large_airport,Queen Alia International Airport,JO,JO-AM,Amman,31.72260094,35.99319839
OKBK,large_airport,Kuwait International Airport,KW,KW-FA,Kuwait City,29.22660065,47.96889877
OLBA,large_airport,Beirut Rafic Hariri International Airport,LB,LB-JL,Beirut,33.82089996,35.48839951
OM-0003,large_airport,Duqm International Airport,OM,OM-WU,Duqm,19.501944,57.634167
OM-0004,large_airport,Rustaq Airport,OM,OM-BA,Al Masna'ah,23.640556,57.4875
OMAA,large_airport,Abu Dhabi International Airport,AE,AE-AZ,Abu Dhabi,24.43300056,54.65110016
OMDB,large_airport,Dubai International Airport,AE,AE-DU,Dubai,25.25279999,55.36439896
OMDW,large_airport,Al Maktoum International Airport,AE,AE-DU,Jebel Ali,24.896356,55.161389
OMSJ,large_airport,Sharjah International Airport,AE,AE-SH,Sharjah,25.32859993,55.51720047
OOMS,large_airport,Muscat International Airport,OM,OM-MA,Muscat,23.59329987,58.28440094
OPST,large_airport,Sialkot Airport,PK,PK-PB,Sialkot,32.53555679,74.3638916
ORBI,large_airport,Baghdad International Airport,IQ,IQ-BG,Baghdad,33.26250076,44.23460007
ORMM,large_airport,Basrah International Airport,IQ,IQ-BA,Basrah,30.54910088,47.66210175
OSAP,large_airport,Aleppo International Airport,SY,SY-HL,Aleppo,36.18069839,37.22439957
OSDI,large_airport,Damascus International Airport,SY,SY-DI,Damascus,33.41149902,36.5155983
OSLK,large_airport,Bassel Al-Assad International Airport,SY,SY-LA,Latakia,35.40110016,35.94869995
PAFA,large_airport,Fairbanks International Airport,US,US-AK,Fairbanks,64.81510162,-147.8560028
PANC,large_airport,Ted Stevens Anchorage International Airport,US,US-AK,Anchorage,61.17440033,-149.9960022
PGUM,large_airport,Antonio B. Won Pat International Airport,GU,GU-U-A,Guam International Airport,13.48340034,144.7960052
PH-0001,large_airport,Laguindingan Airport,PH,PH-MSR,Cagayan de Oro City,8.612203,124.456496
PH-0073,large_airport,Northern Cagayan International Airport,PH,PH-CAG,Lal-lo,18.182388,121.745853
PHNL,large_airport,Daniel K Inouye International Airport,US,US-HI,Honolulu,21.32062,-157.924228
PK-0001,large_airport,New Islamabad International Airport,PK,PK-PB,Islamabad,33.560713,72.851613
QA-0001,large_airport,Hamad International Airport,QA,QA-DA,Doha,25.273056,51.608056
RCBS,large_airport,Kinmen Airport,TW,TW-X-KM,Shang-I,24.4279,118.359001
RCKH,large_airport,Kaohsiung International Airport,TW,TW-KHH,Kaohsiung City,22.57710075,120.3499985
RCTP,large_airport,Taiwan Taoyuan International Airport,TW,TW-TAO,Taipei,25.0777,121.233002
RJAA,large_airport,Narita International Airport,JP,JP-12,Tokyo,35.76470184,140.3860016
RJBB,large_airport,Kansai International Airport,JP,JP-27,Osaka,34.4272995,135.2440033
RJCC,large_airport,New Chitose Airport,JP,JP-01,Chitose / Tomakomai,42.77519989,141.6920013
RJFF,large_airport,Fukuoka Airport,JP,JP-40,Fukuoka,33.58589935,130.451004
RJFK,large_airport,Kagoshima Airport,JP,JP-46,Kagoshima,31.80340004,130.7189941
RJGG,large_airport,Chubu Centrair International Airport,JP,JP-23,Tokoname,34.85839844,136.8049927
rjns,large_airport,Mt. Fuji Shizuoka Airport,JP,JP-22,Makinohara / Shimada,34.79604347,138.1877518
RJOO,large_airport,Osaka International Airport,JP,JP-27,Osaka,34.78549957,135.4380035
RJTT,large_airport,Tokyo Haneda International Airport,JP,JP-13,Tokyo,35.552299,139.779999
RJTY,large_airport,Yokota Air Base,JP,JP-13,Fussa,35.74850082,139.3480072
RKJB,large_airport,Muan International Airport,KR,KR-46,Piseo-ri (Muan),34.991406,126.382814
RKJK,large_airport,Kunsan Air Base,KR,KR-45,Kunsan,35.90380096,126.6159973
RKPC,large_airport,Jeju International Airport,KR,KR-49,Jeju City,33.51129913,126.4929962
RKPK,large_airport,Gimhae International Airport,KR,KR-26,Busan,35.17950058,128.9380035
RKSI,large_airport,Incheon International Airport,KR,KR-28,Seoul,37.46910095,126.4509964
RKSS,large_airport,Gimpo International Airport,KR,KR-11,Seoul,37.5583,126.791
RKTU,large_airport,Cheongju International Airport/Cheongju Air Base (K-59/G-513),KR,KR-43,Cheongju,36.717008,127.498741
ROAH,large_airport,Naha Airport,JP,JP-47,Naha,26.19580078,127.6460037
RPLC,large_airport,Diosdado Macapagal International Airport,PH,PH-PAM,Angeles/Mabalacat,15.186,120.559998
RPLL,large_airport,Ninoy Aquino International Airport,PH,PH-U-A,Manila,14.5086,121.019997
RPMD,large_airport,Francisco Bangoy International Airport,PH,PH-DAV,Davao City,7.125520229,125.6460037
RPVM,large_airport,Mactan Cebu International Airport,PH,PH-CEB,Lapu-Lapu City,10.30749989,123.9789963
RU-0016,large_airport,Lipetsk Air Base,RU,RU-LIP,Lipetsk,52.63499832,39.44499969
RU-0035,large_airport,Grozny North Airport,RU,RU-CE,Grozny,43.388302,45.698601
RU-2244,large_airport,Ukrainka Air Base,RU,RU-AMU,Belogorsk,51.169997,128.445007
RU-4464,large_airport,Olenya Air Base,RU,RU-MUR,Olenegorsk,68.15180206,33.46390152
SAEZ,large_airport,Ministro Pistarini International Airport,AR,AR-B,Buenos Aires,-34.8222,-58.5358
SBBE,large_airport,Val de Cans/J‚àö‚à´lio Cezar Ribeiro International Airport,BR,BR-PA,Bel‚àö¬©m,-1.37925005,-48.47629929
SBBR,large_airport,Presidente Juscelino Kubistschek International Airport,BR,BR-DF,Bras‚àö‚â†lia,-15.86916733,-47.92083359
SBCF,large_airport,Tancredo Neves International Airport,BR,BR-MG,Belo Horizonte,-19.62444305,-43.9719429
SBCT,large_airport,Afonso Pena Airport,BR,BR-PR,Curitiba,-25.5284996,-49.17580032
SBFL,large_airport,Herc‚àö‚â†lio Luz International Airport,BR,BR-SC,Florian‚àö‚â•polis,-27.67027855,-48.55250168
SBGL,large_airport,Rio Gale‚àö¬£o ‚Äö√Ñ√¨ Tom Jobim International Airport,BR,BR-RJ,Rio De Janeiro,-22.80999947,-43.25055695
SBGR,large_airport,Guarulhos - Governador Andr‚àö¬© Franco Montoro International Airport,BR,BR-SP,S‚àö¬£o Paulo,-23.43555641,-46.47305679
SBSG,large_airport,Governador Alu‚àö‚â†zio Alves International Airport,BR,BR-RN,Natal,-5.768056,-35.376111
SBSP,large_airport,Congonhas Airport,BR,BR-SP,S‚àö¬£o Paulo,-23.62611008,-46.65638733
SBSV,large_airport,Deputado Luiz Eduardo Magalh‚àö¬£es International Airport,BR,BR-BA,Salvador,-12.9086113,-38.32249832
SCEL,large_airport,Comodoro Arturo Merino Ben‚àö‚â†tez International Airport,CL,CL-RM,Santiago,-33.39300156,-70.78579712
SELT,large_airport,Cotopaxi International Airport,EC,EC-X,Latacunga,-0.906833,-78.615799
SEQM,large_airport,Mariscal Sucre International Airport,EC,EC-P,Quito,-0.129166667,-78.3575
SKBO,large_airport,El Dorado International Airport,CO,CO-CUN,Bogota,4.70159,-74.1469
SLVR,large_airport,Viru Viru International Airport,BO,BO-S,Santa Cruz,-17.6448,-63.135399
SPIM,large_airport,Jorge Ch‚àö¬∞vez International Airport,PE,PE-LIM,Lima,-12.0219,-77.114305
SPZO,large_airport,Alejandro Velasco Astete International Airport,PE,PE-CUS,Cusco,-13.53569984,-71.938797
SUMU,large_airport,Carrasco International /General C L Berisso Airport,UY,UY-CA,Montevideo,-34.838402,-56.0308
SVBC,large_airport,General Jos‚àö¬© Antonio Anzoategui International Airport,VE,VE-B,Barcelona,10.111111,-64.692222
SVMI,large_airport,Sim‚àö‚â•n Bol‚àö‚â†var International Airport,VE,VE-X,Caracas,10.601194,-66.991222
TFFR,large_airport,Pointe-‚àö‚Ä†-Pitre Le Raizet,GP,GP-U-A,Pointe-‚àö‚Ä†-Pitre,16.265301,-61.531799
TJSJ,large_airport,Luis Munoz Marin International Airport,PR,PR-U-A,San Juan,18.43939972,-66.00180054
TN-0002,large_airport,Enfidha - Hammamet International Airport,TN,TN-51,Enfidha,36.075833,10.438611
TNCM,large_airport,Princess Juliana International Airport,SX,SX-U-A,Saint Martin,18.04100037,-63.10889816
TR-0043,large_airport,Istanbul Airport,TR,TR-34,Istanbul,41.275278,28.751944
TR-0044,large_airport,‚àö√°ukurova Airport,TR,TR-33,Tarsus,36.895545,35.069381
UAAA,large_airport,Almaty Airport,KZ,KZ-ALM,Almaty,43.35210037,77.04049683
UACC,large_airport,Astana International Airport,KZ,KZ-AKM,Astana,51.02220154,71.46690369
UAFM,large_airport,Manas International Airport,KG,KG-C,Bishkek,43.06129837,74.4776001
UAKK,large_airport,Sary-Arka Airport,KZ,KZ-KAR,Karaganda,49.67079926,73.33439636
UBBB,large_airport,Heydar Aliyev International Airport,AZ,AZ-BA,Baku,40.46749878,50.04669952
UDYZ,large_airport,Zvartnots International Airport,AM,AM-ER,Yerevan,40.14730072,44.39590073
UGTB,large_airport,Tbilisi International Airport,GE,GE-TB,Tbilisi,41.6692009,44.95470047
UHHH,large_airport,Khabarovsk-Novy Airport,RU,RU-KHA,Khabarovsk,48.52799988,135.1880035
UKBB,large_airport,Boryspil International Airport,UA,UA-32,Kiev,50.34500122,30.8946991
UKFF,large_airport,Simferopol International Airport,UA,UA-43,Simferopol,45.05220032,33.97510147
UKHH,large_airport,Kharkiv International Airport,UA,UA-63,Kharkiv,49.92480087,36.29000092
UKOO,large_airport,Odessa International Airport,UA,UA-51,Odessa,46.42679977,30.67650032
ULLI,large_airport,Pulkovo Airport,RU,RU-SPE,St. Petersburg,59.8003006,30.26250076
UMMS,large_airport,Minsk National Airport,BY,BY-MI,Minsk,53.88249969,28.03070068
UNKL,large_airport,Yemelyanovo Airport,RU,RU-KYA,Krasnoyarsk,56.172901,92.493301
UNNT,large_airport,Tolmachevo Airport,RU,RU-NVS,Novosibirsk,55.01259995,82.65070343
URRP,large_airport,Platov International Airport,RU,RU-ROS,Rostov-on-Don,47.493888,39.924722
URSS,large_airport,Sochi International Airport,RU,RU-KDA,Sochi,43.449902,39.9566
USSS,large_airport,Koltsovo Airport,RU,RU-SVE,Yekaterinburg,56.74309921,60.80270004
UTAA,large_airport,Ashgabat International Airport,TM,TM-A,Ashgabat,37.986801,58.361
UTTT,large_airport,Tashkent International Airport,UZ,UZ-TO,Tashkent,41.25790024,69.28119659
UUBW,large_airport,Zhukovsky International Airport,RU,RU-MOS,Moscow,55.553299,38.150002
UUDD,large_airport,Domodedovo International Airport,RU,RU-MOS,Moscow,55.40879822,37.90629959
UUEE,large_airport,Sheremetyevo International Airport,RU,RU-MOS,Moscow,55.972599,37.4146
UUWW,large_airport,Vnukovo International Airport,RU,RU-MOS,Moscow,55.59149933,37.26150131
UWKD,large_airport,Kazan International Airport,RU,RU-TA,Kazan,55.60620117,49.27870178
UWKG,large_airport,Borisoglebskoye Airport,RU,RU-TA,Kazan,55.86669922,49.13330078
UWUU,large_airport,Ufa International Airport,RU,RU-BA,Ufa,54.55749893,55.87440109
UWWW,large_airport,Kurumoch International Airport,RU,RU-SAM,Samara,53.50490189,50.16429901
VABB,large_airport,Chhatrapati Shivaji International Airport,IN,IN-MM,Mumbai,19.08869934,72.86789703
VAGO,large_airport,Dabolim Airport,IN,IN-GA,Vasco da Gama,15.38080025,73.83139801
VCBI,large_airport,Bandaranaike International Colombo Airport,LK,LK-1,Colombo,7.180759907,79.88410187
VDPP,large_airport,Phnom Penh International Airport,KH,KH-8,Phnom Penh,11.54660034,104.8440018
VDSR,large_airport,Siem Reap International Airport,KH,KH-17,Siem Reap,13.41069984,103.8130035
VECC,large_airport,Netaji Subhash Chandra Bose International Airport,IN,IN-WB,Kolkata,22.65469933,88.44670105
VGZR,large_airport,Hazrat Shahjalal International Airport,BD,BD-3,Dhaka,23.843347,90.397783
VHHH,large_airport,Hong Kong International Airport,HK,HK-U-A,Hong Kong,22.308901,113.915001
VIAR,large_airport,Sri Guru Ram Dass Jee International Airport,IN,IN-PB,Amritsar,31.70960045,74.79730225
VIDP,large_airport,Indira Gandhi International Airport,IN,IN-DL,New Delhi,28.5665,77.103104
VMMC,large_airport,Macau International Airport,MO,MO-U-A,Macau,22.149599,113.592003
VNKT,large_airport,Tribhuvan International Airport,NP,NP-BA,Kathmandu,27.6966,85.3591
VOBL,large_airport,Kempegowda International Airport,IN,IN-KA,Bangalore,13.1979,77.706299
VOCI,large_airport,Cochin International Airport,IN,IN-KL,Kochi,10.152,76.401901
VOCL,large_airport,Calicut International Airport,IN,IN-KL,Calicut,11.13679981,75.95529938
VOHS,large_airport,Rajiv Gandhi International Airport,IN,IN-TG,Hyderabad,17.23131752,78.42985535
VOMM,large_airport,Chennai International Airport,IN,IN-TN,Chennai,12.99000549,80.16929626
VOTV,large_airport,Trivandrum International Airport,IN,IN-KL,Thiruvananthapuram,8.48211956,76.92009735
VRMM,large_airport,Mal‚àö¬© International Airport,MV,MV-MLE,Mal‚àö¬©,4.191830158,73.52909851
VTBD,large_airport,Don Mueang International Airport,TH,TH-10,Bangkok,13.91259956,100.6070023
VTBS,large_airport,Suvarnabhumi Airport,TH,TH-10,Bangkok,13.68109989,100.7470016
VTCC,large_airport,Chiang Mai International Airport,TH,TH-50,Chiang Mai,18.76679993,98.96260071
VTSP,large_airport,Phuket International Airport,TH,TH-83,Phuket,8.1132,98.316902
VVDN,large_airport,Da Nang International Airport,VN,VN-60,Da Nang,16.04389954,108.1989975
VVNB,large_airport,Noi Bai International Airport,VN,VN-15,Hanoi,21.22120094,105.8069992
VVTS,large_airport,Tan Son Nhat International Airport,VN,VN-23,Ho Chi Minh City,10.81879997,106.6520004
VYMD,large_airport,Mandalay International Airport,MM,MM-04,Mandalay,21.70219994,95.97789764
VYYY,large_airport,Yangon International Airport,MM,MM-06,Yangon,16.90730095,96.1332016
WAAA,large_airport,Hasanuddin International Airport,ID,ID-SN,Ujung Pandang-Celebes Island,-5.061629772,119.5540009
WADD,large_airport,Ngurah Rai (Bali) International Airport,ID,ID-BA,Denpasar-Bali Island,-8.748169899,115.1669998
WAJJ,large_airport,Sentani International Airport,ID,ID-PA,Jayapura-Papua Island,-2.576950073,140.5160065
WARR,large_airport,Juanda International Airport,ID,ID-JI,Surabaya,-7.379829884,112.7870026
WAXX,large_airport,Dominique Edward Osok Airport,ID,ID-PB,Sorong-Papua Island,-0.894,131.287
WBSB,large_airport,Brunei International Airport,BN,BN-BM,Bandar Seri Begawan,4.944200039,114.9280014
WIII,large_airport,Soekarno-Hatta International Airport,ID,ID-BT,Jakarta,-6.12556982,106.6559982
WMKK,large_airport,Kuala Lumpur International Airport,MY,MY-14,Kuala Lumpur,2.745579958,101.7099991
WSSS,large_airport,Singapore Changi Airport,SG,SG-04,Singapore,1.35019,103.994003
YBBN,large_airport,Brisbane International Airport,AU,AU-QLD,Brisbane,-27.38419914,153.1170044
YMML,large_airport,Melbourne International Airport,AU,AU-VIC,Melbourne,-37.673302,144.843002
YPAD,large_airport,Adelaide International Airport,AU,AU-SA,Adelaide,-34.945,138.531006
YPPH,large_airport,Perth International Airport,AU,AU-WA,Perth,-31.94029999,115.9670029
YSCB,large_airport,Canberra International Airport,AU,AU-ACT,Canberra,-35.30690002,149.1950073
YSSY,large_airport,Sydney Kingsford Smith International Airport,AU,AU-NSW,Sydney,-33.94609833,151.177002
ZBAA,large_airport,Beijing Capital International Airport,CN,CN-11,Beijing,40.08010101,116.5849991
ZBAD,large_airport,Beijing Daxing International Airport,CN,CN-13,Beijing,39.509945,116.41092
ZBHH,large_airport,Baita International Airport,CN,CN-15,Hohhot,40.851398,111.823997
ZBNY,large_airport,Beijing Nanyuan Airport,CN,CN-11,Beijing,39.78279877,116.3880005
ZBTJ,large_airport,Tianjin Binhai International Airport,CN,CN-12,Tianjin,39.12440109,117.3460007
ZBYN,large_airport,Taiyuan Wusu Airport,CN,CN-14,Taiyuan,37.74689865,112.6279984
ZGGG,large_airport,Guangzhou Baiyun International Airport,CN,CN-44,Guangzhou,23.39240074,113.2990036
ZGHA,large_airport,Changsha Huanghua International Airport,CN,CN-43,Changsha,28.18919945,113.2200012
ZGKL,large_airport,Guilin Liangjiang International Airport,CN,CN-45,Guilin City,25.21809959,110.0390015
ZGNN,large_airport,Nanning Wuxu Airport,CN,CN-45,Nanning,22.60829926,108.1719971
ZGSZ,large_airport,Shenzhen Bao'an International Airport,CN,CN-44,Shenzhen,22.63929939,113.810997
ZHCC,large_airport,Zhengzhou Xinzheng International Airport,CN,CN-41,Zhengzhou,34.5196991,113.8410034
ZHHH,large_airport,Wuhan Tianhe International Airport,CN,CN-42,Wuhan,30.7838,114.208
ZJHK,large_airport,Haikou Meilan International Airport,CN,CN-46,Haikou,19.93490028,110.4589996
ZJSY,large_airport,Sanya Phoenix International Airport,CN,CN-46,Sanya,18.30290031,109.4120026
ZLXY,large_airport,Xi'an Xianyang International Airport,CN,CN-61,Xi'an,34.447102,108.751999
ZMUB,large_airport,Chinggis Khaan International Airport,MN,MN-1,Ulan Bator,47.843102,106.766998
ZPPP,large_airport,Kunming Changshui International Airport,CN,CN-53,Kunming,25.1019444,102.9291667
ZSAM,large_airport,Xiamen Gaoqi International Airport,CN,CN-35,Xiamen,24.54400063,118.1279984
ZSFZ,large_airport,Fuzhou Changle International Airport,CN,CN-35,Fuzhou,25.93510056,119.663002
ZSHC,large_airport,Hangzhou Xiaoshan International Airport,CN,CN-33,Hangzhou,30.22949982,120.4339981
ZSJN,large_airport,Yaoqiang Airport,CN,CN-37,Jinan,36.85720062,117.2160034
ZSNB,large_airport,Ningbo Lishe International Airport,CN,CN-33,Ningbo,29.82670021,121.461998
ZSNJ,large_airport,Nanjing Lukou Airport,CN,CN-32,Nanjing,31.74200058,118.8619995
ZSPD,large_airport,Shanghai Pudong International Airport,CN,CN-31,Shanghai,31.14340019,121.8050003
ZSSS,large_airport,Shanghai Hongqiao International Airport,CN,CN-31,Shanghai,31.19790077,121.3359985
ZSWZ,large_airport,Wenzhou Longwan International Airport,CN,CN-33,Wenzhou,27.912201,120.851997
ZUCK,large_airport,Chongqing Jiangbei International Airport,CN,CN-50,Chongqing,29.71920013,106.6419983
ZUGY,large_airport,Longdongbao Airport,CN,CN-52,Guiyang,26.53849983,106.8010025
ZUUU,large_airport,Chengdu Shuangliu International Airport,CN,CN-51,Chengdu,30.57850075,103.9469986
ZWWW,large_airport,Diwopu International Airport,CN,CN-65,Ürümqi,43.90710068,87.47419739
ZYHB,large_airport,Taiping Airport,CN,CN-23,Harbin,45.62340164,126.25
ZYTL,large_airport,Zhoushuizi Airport,CN,CN-21,Dalian,38.96569824,121.5390015
ZYTX,large_airport,Taoxian Airport,CN,CN-21,Shenyang,41.63980103,123.4830017
,,,,,,,
,,,,,,,
,,,,,,,
,,,,,,,
,,,,,,,